{
  "Monday":
  {
    "timetable":[
      {
        "time":"09:50",
        "subject":"Chem Lab"
      },
      {
        "time":"10:45",
        "subject":"Chem Lab"
      },
      {
        "time":"11:40",
        "subject":"EEE Lab"
      },
      {
        "time":"12:35",
        "subject":"EEE Lab"
      },
      {
        "time":"14:00",
        "subject":"Chem Theory"
      },
      {
        "time":"15:50",
        "subject":"BSTS"
      }
    ]
  },
  "Tuesday":
  {
    "timetable":[
      {
        "time":"09:50",
        "subject":"CSE Lab"
      },
      {
        "time":"10:45",
        "subject":"CSE Lab"
      },
      {
        "time":"14:00",
        "subject":"Eng Theory"
      },
      {
        "time":"14:55",
        "subject":"CSE Theory"
      },
      {
        "time":"15:50",
        "subject":"EEE Theory"
      },
      {
        "time":"16:45",
        "subject":"Math Theory"
      }
    ]
  },
  "Wednesday":
  {
    "timetable":[
      {
        "time":"14:00",
        "subject":"Math Theory"
      },
      {
        "time":"14:55",
        "subject":"Chem Theory"
      },
      {
        "time":"16:45",
        "subject":"BSTS"
      }
    ]
  },
  "Thursday":
  {
    "timetable":[
      {
        "time":"09:50",
        "subject":"CSE Lab"
      },
      {
        "time":"10:45",
        "subject":"CSE Lab"
      },
      {
        "time":"14:00",
        "subject":"BSTS"
      },
      {
        "time":"14:55",
        "subject":"Eng Theory"
      },
      {
        "time":"15:50",
        "subject":"CSE Theory"
      },
      {
        "time":"16:45",
        "subject":"Math Theory"
      }
    ]
  },
  "Friday":
  {
    "timetable":[
      {
        "time":"11:40",
        "subject":"Eng Lab"
      },
      {
        "time":"12:35",
        "subject":"Eng Lab"
      },
      {
        "time":"14:00",
        "subject":"EEE Theory"
      },
      {
        "time":"14:55",
        "subject":"Math Theory"
      },
      {
        "time":"15:50",
        "subject":"Chem Theory"
      }
    ]
  }
}